symbol,r2,slope,trend,max_gap_up,annualised_slope,mul,atr,target_percent,included
ADANIPOWER,0.7496777132427056,0.006186854202128494,1,0.09306722689075621,4.67368831200571,3.5037599661536016,19.592857142857135,1.8457500000000002,1
AUROPHARMA,0.7884337979072034,0.004286747977752669,1,0.05839508518588879,2.9136206338972452,2.2971969820443983,17.949999999999996,4.2924999999999995,1
ASHOKLEY,0.7834585092734709,0.002771544392349974,1,0.04480457578646337,1.997562497928603,1.5650073368077342,3.32857142857143,5.508,1
ADANIPORTS,0.7159930295268777,0.002420129703450086,1,0.05032974661575842,1.829973482809839,1.3102482579108683,21.824999999999996,3.3000000000000003,1
ACC,0.6814420493794086,0.002394923670669992,1,0.04829325058184644,1.8185056690960202,1.2392062299568645,45.817857142857115,4.0485,1
ADANIENT,0.4135038627415383,0.0011848388142750314,1,0.05145658692464278,1.3445163558782225,0.5559627066748217,79.41785714285713,2.5193,1
ABFRL,0.3225296661975313,0.0009054272953854787,1,0.07033184744923224,1.253894629084203,0.40441821616540535,5.314285714285717,4.1283,1
APOLLOHOSP,0.4997787872714249,-0.001098095127980983,1,0.041874625673787184,0.7598193137439115,0.3797415751683384,77.19999999999995,4.985149999999999,1
AUBANK,0.5068404060473871,-0.0012964108374841977,1,0.027720956478803665,0.7230239176491969,0.36645773600329157,14.428571428571445,4.4094,1
DMART,0.456850237932799,-0.0013469292799332237,1,0.05745171869306447,0.7139378957733372,0.32616269755329097,61.07857142857136,3.7824000000000004,1
BAJAJFINSV,0.1395174292030118,-0.0008092806836181422,1,0.058048178689695536,0.816766454817673,0.11395315603541963,24.635714285714293,6.164,1
BAJAJ-AUTO,0.04635107653476267,-0.0002991792287557162,1,0.05721667315259233,0.927923487928995,0.043010252607400774,73.26071428571439,4.75955,1
BAJFINANCE,0.04295879252256829,-0.000361233620710331,1,0.07192826946679393,0.9136344614204406,0.03924863326962913,112.17142857142855,0.0,1
ADANIGREEN,0.02051823329825686,0.0003927794539123157,1,0.09998483546479299,1.1031564647996202,0.02263482170923889,33.04285714285714,3.0036000000000005,1
ABB,0.004699877399227725,7.902063544716978e-05,1,0.030515396932216367,1.0199507872828226,0.004793643653475063,82.56428571428562,4.45855,1
ABCAPITAL,0.00270271393031829,0.0001087181557069299,1,0.06096551724137937,1.027550753784585,0.0027771757363626573,4.342857142857135,4.2987,1
AXISBANK,0.0008965893646241119,-3.1135523457007136e-05,1,0.023196280236142362,0.9922462148459321,0.0008896374033193942,16.864285714285725,4.9015,1
IRFC,0.8013361297904659,0.01288150376646405,1,0.19641255605381172,24.52788707633367,19.65508210168681,3.878571428571429,1.9274999999999998,0
GLAND,0.9197144071008597,0.010867976844210626,1,0.19999255148784031,14.914534425157452,13.717112186019047,61.79285714285714,1.6923499999999998,0
RECLTD,0.9171440155467252,0.009698162474710646,1,0.10018326206475245,11.16584190843515,10.240685084862122,9.035714285714286,2.9716499999999995,0
ZEEL,0.8879835528804897,0.008826045127375273,1,0.1655314757481941,8.9964568476012,7.988705714868924,8.489285714285709,3.0486499999999994,0
POLYCAB,0.8870286633946864,0.00823208484067024,1,0.09480487833180547,7.764767477521435,6.887571317156369,115.46428571428578,0.0,0
ESCORTS,0.939268939620224,0.007192354429231613,1,0.06808629408287907,5.999362423035316,5.635014781481798,113.98928571428567,0.0,0
INDIANB,0.8793766815284059,0.0070397687165061505,1,0.1312301930279457,5.776374904711325,5.079609394969006,11.74642857142857,3.1131999999999995,0
SUNTV,0.9396828989808137,0.006520530759252705,1,0.04843173431734318,5.077611709935251,4.771344891490883,17.142857142857142,3.0997500000000002,0
BHEL,0.7762487760484799,0.007100814906797473,1,0.12288659793814438,5.8645790620065945,4.552372318922161,6.5892857142857135,2.1795,0
JSWENERGY,0.8145449058675756,0.006159374026520947,1,0.08045384218669409,4.641885557624607,3.781024234583394,14.160714285714278,2.76185,0
PFC,0.8571693434822591,0.005952224007156839,1,0.12231009748022806,4.408986638264639,3.7792481821433532,10.332142857142856,2.7459000000000002,0
LUPIN,0.9367359980508402,0.00558861457712095,1,0.05440414507772018,4.027976145057608,3.7731502543655147,20.41785714285712,4.514399999999999,0
ZOMATO,0.8976133243115776,0.005695117092734942,1,0.10225303292894292,4.136046194462576,3.7125701741178028,3.1035714285714247,3.1872,0
MPHASIS,0.8708250013242149,0.005754748467455917,1,0.07665695557174078,4.197811378534562,3.655559099271164,71.43928571428566,2.46615,0
BHARATFORG,0.9241575063725409,0.005419835098058179,1,0.06331769252001107,3.86244406817043,3.569506678543797,25.03571428571427,3.3162000000000003,0
CIPLA,0.8501131085893605,0.00499431025085941,1,0.09635002339728596,3.474567508447596,2.953775385609975,26.085714285714307,3.7337999999999996,0
NTPC,0.8759507482990864,0.004292039610401624,1,0.04720835224693589,2.9174611526871543,2.555552279829828,5.414285714285717,4.3245,0
IPCALAB,0.811451990209327,0.004399856825909306,1,0.03954482585187985,2.9968191373019906,2.4317748532610985,20.014285714285727,3.6114,0
BANKINDIA,0.8697364974474788,0.004087963751898332,1,0.050271739130434825,2.7729387616647645,2.4117260462066614,2.596428571428571,3.5340000000000003,0
COROMANDEL,0.9247259641322555,0.0035410420972497906,1,0.050995405819295604,2.419828916986652,2.237678628295593,26.16785714285717,3.3726000000000007,0
IDFCFIRSTB,0.8852971438514248,0.0035021782980784524,1,0.05406852248394001,2.396513536701938,2.1216265892435024,3.0035714285714263,3.14655,0
MFSL,0.7750587330454245,0.004030743135382861,1,0.08281625933898945,2.733711920133159,2.1187872973295807,29.30000000000001,2.8064999999999998,0
UNIONBANK,0.6582935172013891,0.004610397876501654,1,0.04403244495944377,3.1580370137069513,2.0789152932053203,2.664285714285714,3.2597,0
PEL,0.7553947602809357,0.004043258015889678,1,0.13315444245676802,2.7422438363450206,2.0714766253877204,35.80000000000002,2.1789,0
NMDC,0.7486163557341885,0.004072957596625505,1,0.06054449410808617,2.7625975807915126,2.0681257332922276,4.110714285714286,3.4176000000000006,0
POONAWALLA,0.6796601324466502,0.004211869420496377,-1,0.07078853046594975,2.8598125522473024,1.9437005780329943,14.435714285714287,2.3396999999999997,0
PNB,0.6964925335974945,0.003990026095624023,1,0.0594243268337975,2.706135934922736,1.8848034735735608,1.592857142857142,4.144699999999999,0
COLPAL,0.7608349229954846,0.0036263958495831605,1,0.06280526651093661,2.4718307796350323,1.8806551808814884,44.835714285714275,4.0308,0
JINDALSTEL,0.7876468262420343,0.003365745955635269,1,0.056169063319297725,2.3164217074189715,1.824522206086707,16.66785714285715,3.4915000000000003,0
LTTS,0.875235473210196,0.0029417310420242664,1,0.05412258346847891,2.0841334442089505,1.8241075212754165,78.59642857142853,4.6542,0
TRENT,0.7048357389925651,0.003808834787416668,1,0.060154371049834975,2.5867438540630783,1.8232295159630258,46.62142857142856,4.173100000000001,0
LT,0.9006388993753297,0.002788450941029983,1,0.04246552766027588,2.0059998323118005,1.806681481120396,50.99642857142856,2.9016,0
COFORGE,0.7897734454588856,0.003173311405170792,1,0.09724003175184709,2.207966088270815,1.7437929849900196,183.3607142857143,0.0,0
HDFCAMC,0.639268588740314,0.003936572973774477,1,0.11982926829268298,2.670354503009625,1.7070737545753056,71.01428571428563,2.5358,0
TATACOMM,0.7864965916854316,0.003089722823465449,1,0.06924231547347134,2.162445721810331,1.7007561899085684,47.800000000000004,3.7705,0
ONGC,0.8872756008604086,0.0025561445990369765,1,0.04364053976457074,1.8931096689486873,1.6797100190110956,3.3392857142857104,5.349049999999999,0
DRREDDY,0.7618963768209996,0.0031354926468283657,1,0.037654981044371226,2.1872538566592357,1.6664607885764298,89.17142857142842,5.5838,0
IDEA,0.5683468226691117,0.004246516635201312,1,0.10759493670886071,2.884586052574017,1.6394453176960777,0.6142857142857144,1.701,0
NHPC,0.8387010821013496,0.0026640257850486723,1,0.06170212765957444,1.9447256040419378,1.631043468500174,1.360714285714286,3.8543999999999996,0
OIL,0.7941203344308067,0.0028704115124425704,1,0.028957896742236703,2.0474086839264145,1.625888868796182,7.074999999999984,3.9389000000000007,0
MCDOWELL-N,0.8267209563561974,0.0026598928478144225,1,0.06563765960719964,1.9427226136628153,1.606089497102134,22.028571428571436,4.2208000000000006,0
TTML,0.6438571573372136,0.0034145972740041164,1,0.10436562073669858,2.344788470637442,1.5097088392616957,4.3500000000000005,2.0988,0
TATAPOWER,0.7514448712669326,0.0027536837462311618,1,0.062245359891353554,1.9886874062267812,1.4943889519622537,6.857142857142861,3.7639000000000005,0
GAIL,0.7793785262350177,0.0025844189429956588,1,0.055217391304347774,1.9065041342191504,1.48588838238869,3.064285714285716,4.097600000000001,0
FEDERALBNK,0.7790653875719658,0.002571293034613689,1,0.04152884968761468,1.9002742714113992,1.4804379117501565,3.3535714285714278,4.2775,0
CGPOWER,0.7733777584392675,0.002551754190533969,1,0.04872984855886675,1.8910382151633924,1.4624868959660577,12.64285714285713,3.18675,0
DELHIVERY,0.8222601767855126,0.0022419635431909866,1,0.056629834254143675,1.7504335904873871,1.4393118335654584,12.68571428571428,3.0617999999999994,0
OBEROIRLTY,0.7831129946495627,0.002409673438382345,1,0.030820086529580522,1.8252075520494664,1.4293437519424552,24.075000000000014,4.7184,0
PGHH,0.7464572407630762,0.0025009764803665523,1,0.05656905542384168,1.8672440259047176,1.3938178234081735,468.77142857142854,0.0,0
MRF,0.8731234507293482,0.0018569630376590223,1,0.04273500524421683,1.5901212215950333,1.388372128077022,1190.317857142856,0.0,0
SONACOMS,0.7264357565363189,0.0025543258716996505,1,0.04242744994266553,1.8922512948777541,1.3745990009513502,17.867857142857158,2.9595,0
BEL,0.8011444797345949,0.0021569607200625724,1,0.041407867494824016,1.7137080189436789,1.3729277192536369,3.296428571428574,4.299,0
LICHSGFIN,0.7323405934660133,0.002428637694051296,1,0.0819069354634207,1.8338605408075392,1.3430105167888975,9.275000000000006,4.5295000000000005,0
SHRIRAMFIN,0.6439357520275365,0.0029421352161159886,1,0.11201231045426846,2.0843434252526705,1.3421832510237297,44.271428571428565,3.9077,0
ZYDUSLIFE,0.6865708745750756,0.0026770267759133708,1,0.04295463669209153,1.9510398375362015,1.3395271275880432,13.300000000000011,4.39705,0
HINDALCO,0.7608356827161851,0.0021546133905059207,1,0.03822612310890406,1.7127048166476124,1.3030869384653847,11.142857142857139,3.8092,0
SUNPHARMA,0.7001983484641676,0.002421527782396962,1,0.029164220003914616,1.8306116612604992,1.2817912618938478,17.578571428571404,5.65225,0
VOLTAS,0.694300346195095,0.002430278509254688,1,0.040865090062492365,1.834611127788342,1.2737711411568193,16.278571428571436,5.4297,0
WHIRLPOOL,0.675383041582436,0.0025305908002629354,1,0.021119957360338483,1.8810846684106177,1.270452684825251,34.40714285714288,3.3619000000000003,0
MOTHERSON,0.624976369233259,0.0028246729968292245,1,0.06048150322959473,2.0241963876001963,1.2650749089374493,2.075000000000002,4.7783999999999995,0
VBL,0.6860037894021798,0.0023625396536075135,1,0.04320584780054826,1.8038771328618397,1.2374665487591614,21.05000000000001,3.6395999999999997,0
WIPRO,0.7485189251526468,0.001791242348289842,1,0.0426324006244746,1.5642555074689162,1.1708748511147413,6.978571428571423,6.02,0
INFY,0.6622258785945239,0.002011367576709746,1,0.044575488975166756,1.6525786254579096,1.0943803321903947,16.821428571428537,7.348000000000001,0
TATASTEEL,0.6412373445657892,0.0020022153683085455,1,0.03699330972058247,1.648809317505686,1.0572781084526772,2.8000000000000034,4.5325,0
POLICYBZR,0.5914434792063386,0.0023240915112211166,1,0.08246708246708247,1.7866614147929396,1.0567092433288554,22.924999999999994,3.197,0
BERGEPAINT,0.7714902916625094,0.0012433175074873788,1,0.029308323563892145,1.3642929472651162,1.052538763798669,13.239285714285725,5.0183,0
LICI,0.7317149230520059,0.0013799370118734563,1,0.028284244974287012,1.4116319457579694,1.032912160568046,12.478571428571415,5.3932,0
MARICO,0.6732054959914338,0.0017106989237215483,1,0.04007884362680666,1.5331268400725095,1.0321094147887933,10.25357142857145,5.279849999999999,0
LAURUSLABS,0.547068275919841,0.002388279997575207,1,0.054168952276467355,1.815494981110115,0.9931997092570349,9.157142857142857,4.1025,0
DIXON,0.4877119219036089,0.0028052116721377558,1,0.07657548518401865,2.0143994316702116,0.9824466183014164,131.117857142857,0.0,0
MSUMI,0.6041651211376801,0.0017985413085252456,1,0.06816220880069017,1.5671073495530434,0.9467916016784632,1.9214285714285708,3.4684,0
SYNGENE,0.5627203711082471,0.0016403086844257576,1,0.05870392234028598,1.5064278890058294,0.8476976607491736,20.339285714285722,3.3579999999999997,0
OFSS,0.5982203482903459,0.001392067645086877,1,0.046203075001951116,1.4159134978237902,0.8470282658171496,77.51428571428566,4.3477500000000004,0
TECHM,0.5217999494278571,0.0018744434661791493,1,0.04543714103382267,1.597072430511866,0.8333523134737165,22.89999999999996,5.0518,0
M&M,0.517712708310975,0.001811398094652069,1,0.04978479682787139,1.5721433397544697,0.8139185862773479,25.871428571428574,4.70265,0
PAGEIND,0.5263209318893844,0.001728458503755556,1,0.04005131547992468,1.5399371587800572,0.8105011604602107,809.3714285714294,0.0,0
TRIDENT,0.394221473159441,0.0025699136700649905,1,0.10185185185185198,1.8996207712437037,0.7488712988839663,1.6892857142857156,2.3924499999999997,0
INDUSINDBK,0.5232910930678518,0.0012656960232824406,1,0.03305240014657377,1.3719374341418087,0.717922639532771,26.3964285714286,4.346549999999999,0
TVSMOTOR,0.5077219711880345,0.0013070398001441689,1,0.05883253002830701,1.3861728325427227,0.7037904029458925,26.646428571428583,4.44165,0
TATACHEM,0.4921731647281822,0.0013504963343546855,1,0.057766819302571305,1.4012942986835384,0.6896794496986357,21.160714285714278,4.3412,0
CROMPTON,0.5230823841377596,0.0010315889400222063,1,0.036403288038919526,1.2940337846733119,0.6768862772417242,6.878571428571429,4.4268,0
ADANIENSOL,0.3915486183710767,0.001898405308361346,-1,0.07966375687035243,1.6066502212182763,0.6290816743236007,38.55714285714288,1.6660000000000001,0
TCS,0.46073011194769586,0.0010666402192993892,1,0.052117166334884946,1.3054110091159543,0.6014421603677482,39.9178571428571,6.8838,0
PERSISTENT,0.3498406357082776,0.0020420199172610557,1,0.04316021142640665,1.6652653117559724,0.5825774752876525,147.1642857142856,0.0,0
IRCTC,0.401973980879452,0.0013948356674265189,1,0.03520188161505299,1.4168922925955292,0.5695538353320382,17.935714285714287,3.62775,0
HAL,0.4468518787763742,0.0009272435388562511,1,0.0373366521468575,1.2607458351900693,0.5633666451141716,85.82857142857142,4.10555,0
GRASIM,0.45581640282080094,0.0007825484557225544,1,0.03404144928371715,1.2159924882286903,0.5542693218415168,29.907142857142908,5.54925,0
CANBK,0.37615422036907853,0.0015352503538267667,1,0.055159847606426955,1.4674383556284432,0.5519831306010996,6.939285714285717,4.7474,0
HINDUNILVR,0.7664837579980206,-0.0013932001777957924,-1,0.02068518518518515,0.7057156420829015,0.5409195774216884,24.903571428571436,10.055200000000001,0
NESTLEIND,0.663851226172377,-0.0008927535207984241,-1,0.0139040127953726,0.7998843968928652,0.5310042376734808,267.8785714285714,0.0,0
UBL,0.4183945539899617,0.0009275411590853623,1,0.05108912143150704,1.2608395576253537,0.5275284043655605,30.500000000000032,5.04015,0
INDUSTOWER,0.36389618804922985,0.0013706800272270307,1,0.05180442374854469,1.4083733356055719,0.5125016881770463,6.357142857142857,2.82,0
GODREJCP,0.6383613972475173,-0.000989625195591736,-1,0.033006874470289056,0.7807277359360124,0.4983864483820036,16.36785714285714,6.1217999999999995,0
PIDILITIND,0.6531464374334064,-0.0011338348290574664,-1,0.026987788870768827,0.7530531069471187,0.49185395400066856,41.98928571428571,5.0101,0
DEVYANI,0.3509234624769991,0.0011975568882331294,1,0.08562075044069503,1.348792971386607,0.4733230996836281,6.432142857142856,3.3367500000000003,0
FORTIS,0.3494701373570136,0.0012086182907643974,1,0.042596694496507076,1.3525235244706666,0.472666581875356,7.310714285714271,4.4109,0
ALKEM,0.27355696347848435,0.001956111697916221,-1,0.044648051192553787,1.6299514851727261,0.4458845789010968,62.88571428571426,3.6212500000000003,0
BIOCON,0.3374095793890133,0.0010864097196238672,1,0.0836734693877551,1.3118718374963414,0.44263812490193255,4.821428571428576,5.328,0
SAIL,0.2995925535547229,0.001555344269519605,1,0.06890848952590958,1.474817116932001,0.44184422608787255,2.903571428571427,3.3626000000000005,0
TORNTPOWER,0.3084792097690163,0.0014249261401897602,1,0.06289059409856816,1.4275761042350184,0.44037754851954936,20.385714285714283,2.9018,0
YESBANK,0.31220177593226317,0.0011443980588211342,1,0.07204610951008646,1.3310071797222014,0.41554280528786425,0.5500000000000005,3.3213500000000007,0
UPL,0.8529946790417715,-0.0028759447664481507,-1,0.02127659574468093,0.4867415181075734,0.41518792501447416,9.203571428571431,6.068,0
BRITANNIA,0.7842804689229218,-0.002599272782732261,-1,0.020058948747339118,0.5216991546374659,0.40915845763576364,60.8892857142857,4.5405,0
AWL,0.8084328433101475,-0.002806863379184503,-1,0.04566553757370465,0.495245092912484,0.4003723985986376,7.546428571428578,4.6098,0
HONAUT,0.5187697468519007,-0.0013136871181245117,-1,0.023636792205751402,0.7199037975772776,0.37346431082688625,633.1499999999999,0.0,0
BATAINDIA,0.3083839916625657,0.0007446409367944823,1,0.05245423914033322,1.204531816383136,0.3714583296207921,31.703571428571454,5.170350000000001,0
TATAELXSI,0.4900485509873954,-0.0011651850018981362,1,0.02418827171351175,0.7471673500458804,0.36614827723507576,130.80714285714274,0.0,0
INDHOTEL,0.2840165322818057,0.0009789560089792982,1,0.0595041322314049,1.277134997478141,0.36272745323947425,10.571428571428568,3.8659499999999998,0
RAMCOCEM,0.5296946308473469,-0.0015263380706806299,1,0.03782505910165487,0.6825796688465446,0.36155878571357475,19.10000000000003,4.5125,0
GUJGASLTD,0.4347205660445257,-0.0007484307763706255,1,0.02395209580838326,0.8292963178318149,0.36051216470648745,7.0071428571428545,6.501599999999999,0
COALINDIA,0.2652570444068162,0.0012181226450613627,1,0.07114933541829549,1.3557371572643897,0.35961883132845096,6.0857142857142845,4.5136,0
CUMMINSIND,0.5397344123150682,-0.001966602356890995,-1,0.022057450724135123,0.6113200371291608,0.32995046097633335,33.04285714285712,5.266049999999999,0
TATAMOTORS,0.24420673693529626,0.0010023596140608859,1,0.030386008303153515,1.2846218524339628,0.3137133107786737,10.517857142857151,5.64525,0
JSWSTEEL,0.26200781711008947,0.0006968744932425604,1,0.034310267427691915,1.1902435466583365,0.31185311348932165,15.23214285714288,4.8945,0
KOTAKBANK,0.3974386620080599,-0.0009860308774192548,-1,0.026382041330116533,0.781430291516099,0.3105706095127266,23.39642857142855,7.1728,0
LTIM,0.24475542985043175,0.0008667696699932269,1,0.040831340812948355,1.2418454762603277,0.3039484233499106,95.04285714285697,5.4785,0
BPCL,0.44632261636860204,-0.0015464988968899112,1,0.02906498491911166,0.6791427144938751,0.30311675322058085,6.79285714285714,5.0673,0
ICICIBANK,0.24777261309315923,0.0006418036014066333,1,0.022754121937438983,1.1739797040433082,0.2908800189891442,13.703571428571438,6.79385,0
DABUR,0.3204389805114668,-0.0005293501887017425,1,0.026394018556886934,0.8760145435180898,0.2807092072381547,7.889285714285734,6.8052,0
VEDL,0.7574054653942057,-0.004009127526633763,-1,0.024456033087574217,0.3663022723392139,0.2774393430560374,4.860714285714285,4.755,0
MANKIND,0.20897555145788083,0.0011081264412317218,-1,0.09101620875962763,1.3190057466917602,0.2756399532910245,45.85000000000002,3.5131,0
NYKAA,0.3929747152877412,-0.0014212016014253429,1,0.05306561491574045,0.7007857197937795,0.27539106871367525,3.510714285714282,4.0894,0
MUTHOOTFIN,0.20253880242676126,0.0010077180563366024,1,0.0334522560335781,1.286342168479885,0.26053420231495905,23.760714285714275,5.1368,0
M&MFIN,0.4561874012944477,-0.002265102192552098,1,0.04036763380789327,0.5672711594334304,0.25878195605122495,8.28571428571429,3.6197999999999992,0
TITAN,0.21979451961469976,0.000611511288588293,1,0.020142140745906843,1.1651281697713347,0.2560887863644449,40.71785714285709,6.3982,0
HDFCBANK,0.3127631522480029,-0.000818388069665283,1,0.020918212222560104,0.8149074071940273,0.25487300946425084,21.00357142857146,6.493600000000001,0
CONCOR,0.19159801060715798,0.0006404568465082377,1,0.02640056572640835,1.173584758016521,0.22485650491484832,16.23214285714289,4.253399999999999,0
IGL,0.30124089907018914,-0.0012119603609980379,1,0.04282655246252677,0.7384707059755985,0.2224575794050866,10.135714285714288,4.33575,0
PIIND,0.275099407969271,-0.0008652300861592288,-1,0.023840513408677946,0.8054121432076704,0.22156840376769185,71.31428571428569,3.6554999999999995,0
PRESTIGE,0.16911892910399295,0.0010761461693389646,1,0.08143262801135831,1.3085136631626084,0.22129442943200328,24.860714285714305,2.5911999999999997,0
SBICARD,0.25708034533145796,-0.0007545032703263698,-1,0.03039691354416321,0.8280373534158961,0.2128721287635051,13.853571428571424,5.879300000000001,0
DIVISLAB,0.18680383867889339,0.0005208920758099167,1,0.05573082448381733,1.1390437728289362,0.21277774918773468,60.68214285714277,3.6988,0
HINDPETRO,0.3361457339391283,-0.001947235879017764,-1,0.04192045861698312,0.6142928243602601,0.20649191229811967,5.8964285714285705,4.1664,0
ASIANPAINT,0.24180157814055703,-0.0008107177852961887,-1,0.017924766473112762,0.8164728256175972,0.19742441774321481,42.803571428571395,6.4761,0
GODREJPROP,0.15211773075381507,0.0008338967175810278,1,0.04188377418605432,1.2316901165782776,0.18736190552578955,33.63928571428575,3.3865,0
HAVELLS,0.1544120356210672,0.0005626466076231912,1,0.0582676590776415,1.1509896014552154,0.17772664733938068,31.200000000000014,4.35075,0
HCLTECH,0.15049229355436267,0.0006514486278407093,1,0.03938269522685111,1.1768120522803833,0.17710114483009143,20.774999999999995,5.0482,0
SBILIFE,0.15713371317025726,0.0003811646285679576,1,0.0359295228590073,1.0999591040163272,0.17284065834951473,23.824999999999996,5.3658,0
MAXHEALTH,0.2322590020373574,-0.0012645462452304437,1,0.08368939253204546,0.728814079392541,0.1692736307504869,18.27142857142857,3.015,0
ICICIGI,0.14186302959901753,0.0006372142615054847,1,0.037412153782554775,1.1726343883213537,0.166353466939258,26.22500000000004,4.047,0
JUBLFOOD,0.13893022241721498,0.0006990575654548301,1,0.06087129500696234,1.1908928675307693,0.16545101096112472,12.34285714285714,4.2616000000000005,0
BAJAJHLDNG,0.13660367057593148,0.0006149900436864323,-1,0.031216909101042214,1.1661412878510558,0.15929918033059812,113.24642857142842,0.0,0
TIINDIA,0.21878181036816402,-0.0013960605796664442,1,0.050913838120104506,0.7052104606050803,0.1542872212617463,87.47500000000001,3.313,0
APOLLOTYRE,0.2012326390949445,-0.0010920712754674395,-1,0.029695526876331202,0.7609656919789848,0.15313113445764173,8.132142857142858,4.579799999999999,0
MARUTI,0.13145729353354962,0.0005377663944055015,1,0.03575056491904551,1.143856516519967,0.15036828185242887,184.42142857142866,0.0,0
ITC,0.16854235955116526,-0.0006838775498709886,-1,0.027774877310222313,0.8427980799809952,0.14204717702518863,6.360714285714274,6.639749999999999,0
CHOLAFIN,0.17772708695115857,-0.0009548550842003765,1,0.04135488155855661,0.7875504772982719,0.13996905215721642,28.960714285714307,3.5278500000000004,0
SIEMENS,0.11539630184356997,0.0004940821479225255,1,0.03266665752786196,1.131438726736787,0.13056384482802275,71.23214285714282,3.9455999999999998,0
EICHERMOT,0.13847728967387618,-0.0005972437781554125,-1,0.02761616750840453,0.8612628386099767,0.11926534358753861,49.44642857142854,6.7418000000000005,0
BOSCHLTD,0.12920728398978842,-0.00046337207124190363,1,0.022232870406512423,0.8905911125515431,0.11507085879822886,251.36428571428587,0.0,0
INDIGO,0.1347425241905591,-0.0007773027499198861,-1,0.03611028757782386,0.8233274765252505,0.11093722242245554,42.914285714285725,4.947,0
TORNTPHARM,0.08660861901078598,0.000535896517319946,-1,0.03970091269524501,1.1433222104754444,0.09902155773363742,52.3392857142857,1.8727500000000001,0
BHARTIARTL,0.0788585127829422,0.00031901613185487634,1,0.020591946770677907,1.0830068729978213,0.08540431133831296,12.714285714285722,6.20095,0
SRF,0.07272546885865105,0.000538350948554725,1,0.037110409803966606,1.1440236003456976,0.08319965272050289,36.37857142857144,4.8806,0
HINDZINC,0.07020350865870961,0.0003835151360815371,1,0.07849117174959867,1.1006054123170603,0.07726636159342341,4.142857142857143,7.6848,0
ICICIPRULI,0.08744990298232336,-0.0005221794744120211,1,0.04234146341463423,0.8775871920679797,0.0767449148048744,14.992857142857158,3.3402000000000003,0
DLF,0.06509618929069094,0.00040336673985646293,1,0.04747257254178209,1.1060790256832251,0.07200152962633823,11.039285714285723,4.859999999999999,0
DALBHARAT,0.08630267376307632,-0.0010015196174183957,1,0.06472651927197373,0.7784073012596643,0.06717863137540947,56.58571428571424,2.3221,0
AMBUJACEM,0.058610218041809437,0.0005247774542749713,-1,0.041040804257835656,1.140150135663233,0.0668244480516207,10.978571428571424,3.9528,0
IOC,0.07218731124856437,-0.0005063008308195871,1,0.04326396495071197,0.881079638911736,0.06360277012889419,1.4535714285714312,6.392,0
BANKBARODA,0.06614629203623024,-0.0004022610046613656,1,0.04596795376937221,0.9043078058653455,0.05981660821741174,3.567857142857146,5.5384,0
TATACONSUM,0.05407416413897603,-0.00017519596453648536,1,0.038520619165780486,0.957142660328308,0.05175668931900911,15.146428571428569,5.1186,0
ASTRAL,0.04471840082679235,0.0003943524484739639,-1,0.03730876878345702,1.1035901941546291,0.049350788650724293,49.121428571428545,3.8186,0
ABBOTINDIA,0.03552431128761968,0.00021320524311374363,-1,0.03313946773761237,1.0547414117374534,0.03746896223850473,389.1892857142863,0.0,0
NAUKRI,0.034220843749615315,-0.0004219606214226844,1,0.07691121052515591,0.8998632983071218,0.030794081327381487,84.89285714285714,4.4777499999999995,0
SHREECEM,0.023220959084365056,-0.0002740031101797386,1,0.06347312582981732,0.9337839691005773,0.021683359340120507,446.7071428571432,0.0,0
NAVINFLUOR,0.020038623402103384,0.00020554967154505242,1,0.06790550442581637,1.0527251019321129,0.021095161863558507,81.09285714285696,4.66245,0
PAYTM,0.01884975439849912,0.00032146403050169274,1,0.067913632939995,1.0836696362956313,0.020426906493283516,29.846428571428557,2.7161999999999997,0
ATGL,0.019818866931615275,-0.0001337848433553762,-1,0.04999207732530495,0.9671047658058607,0.019166920662437307,15.939285714285713,3.8688000000000002,0
FLUOROCHEM,0.020593988030404575,-0.00036903313586398977,1,0.06514473564058074,0.9118540712206789,0.018778711828194343,79.63928571428576,3.0673000000000004,0
PETRONET,0.015450832080763921,0.0001779232754897037,1,0.06873227143792275,1.0454807863630171,0.016153548073759995,5.178571428571432,4.7538,0
HDFCLIFE,0.013223919154612629,-0.00016456720589504625,1,0.05862752875842927,0.9596897852164654,0.012690860133210097,11.796428571428587,5.259600000000001,0
HEROMOTOCO,0.010143809119730118,0.00025764301169647436,1,0.0452091418714964,1.0665215413094542,0.010818590937123463,50.321428571428505,3.00875,0
BANDHANBNK,0.008178559496539672,-0.00018521765890389263,1,0.036838723495395256,0.9547471829410697,0.007808456639837186,5.1857142857142815,4.6246,0
SBIN,0.007046413568194909,-0.00014273609345941734,1,0.028576317590691385,0.9649426877820831,0.006799385247718135,8.642857142857142,6.41795,0
BALKRISIND,0.004600480773356286,-8.083179419369068e-05,1,0.04907139563157662,0.9799940631806362,0.004508443845665822,38.72499999999991,4.8048,0
RELIANCE,0.002465989675298097,-8.679211984837648e-05,-1,0.038520525026390855,0.9785347574465173,0.0024130566087834393,35.160714285714285,4.896399999999999,0
ULTRACEMCO,0.0020856705173218915,3.436348109335037e-05,1,0.03874782145623543,1.0086277288225636,0.0021036651169585607,134.62857142857132,0.0,0
LALPATHLAB,0.0016775581956982588,0.00014836381044912246,-1,0.04813426678924164,1.0377845508589723,0.0017409439786625054,44.92499999999999,4.4348,0
DEEPAKNTR,0.0004365867897564435,8.76053650961227e-05,1,0.06458021633023465,1.0221419556536093,0.00044625367509418235,55.31071428571431,2.3192500000000003,0
POWERGRID,0.0003974151608607812,-3.015438741773916e-05,1,0.03798994974874367,0.9924896342880496,0.0003944304276632432,5.321428571428569,4.6557,0
L&TFH,-0.000439051912955124,4.45083173279599e-05,1,0.07556773688332022,1.0111889651431147,-0.00044396444950519677,3.1500000000000026,4.00985,0
